prompt,generated_text,response
"Below is an instruction that describes a task. Write a response that appropriately completes the request.

### Instruction:
i always seem to forget i'm cooking something on the stove. what can i do?


### Response:
","Below is an instruction that describes a task. Write a response that appropriately completes the request.

### Instruction:
i always seem to forget i'm cooking something on the stove. what can i do?


### Response:
To avoid forgetting about cooking something on the stove, you can set reminders on your phone, ask a family member or roommate to remind you, or set a timer on your stove. You can also keep an eye on the clock and make a mental note of the time you put the food on the stove. If you're using a smart stove, many modern stoves have features that allow you to set a timer or receive notifications when your food is ready. Additionally, you can place the stove on a high-traffic area of your home so that you're more likely to see it and remember about the food. If you're prone to getting distracted, you can also try cooking something that doesn't require constant supervision, like a slow cooker or instant pot meal. Lastly, you can make it a habit to check the stove at regular intervals, such as every 15 minutes, to ensure everything is cooking as planned. By implementing one or more of these strategies, you should be able to remember to check","there's a lot of ways you can make cooking more reliable and consistent.  many people use a timer when they're making food so they don't have to keep checking to see if it's done.
"
